<?xml version="1.0" encoding="UTF-8"?>

<BindingInfo TotalEndpoints="11" BoundEndpoints="11" BindingStatus="FullyBound" Version="3.5.1.0" Assembly="Microsoft.BizTalk.Deployment, Version=3.0.1.0, Culture=neutral, PublicKeyToken=31bf3856ad364e35" xmlns:xsd="http://www.w3.org/2001/XMLSchema" xmlns:xsi="http://www.w3.org/2001/XMLSchema-instance">

  <Timestamp>2018-09-18T11:01:16.4365943-04:00</Timestamp>


  -<ModuleRefCollection>


    -<ModuleRef Version="" FullName="[Application:DLAP Document Upload], Version=, Culture=, PublicKeyToken=" PublicKeyToken="" Culture="" Name="[Application:DLAP Document Upload]">

      <Services/>


      -<TrackedSchemas>


        -<Schema FullName="DLAPDocumentUploadDefinition.UploadMetaData" Description="" AlwaysTrackAllProperties="false" AssemblyQualifiedName="DLAPDocumentUploadDefinition.UploadMetaData,DLAPDocumentUploadDefinition, Version=2.0.9.1, Culture=neutral, PublicKeyToken=850f055bfe068d39" RootName="ReceiptMetaData">

          <TrackedPropertyNames/>

        </Schema>


        -<Schema FullName="SBA.DLAPDocumentUpload.Definition.DocumentUpload" Description="" AlwaysTrackAllProperties="false" AssemblyQualifiedName="SBA.DLAPDocumentUpload.Definition.DocumentUpload,DLAPDocumentUploadDefinition, Version=2.0.9.1, Culture=neutral, PublicKeyToken=850f055bfe068d39" RootName="DOCUMENT">

          <TrackedPropertyNames/>

        </Schema>


        -<Schema FullName="SBA.DLAPDocumentUpload.Definition.DocumentUpload" Description="" AlwaysTrackAllProperties="false" AssemblyQualifiedName="SBA.DLAPDocumentUpload.Definition.DocumentUpload,DLAPDocumentUploadDefinition, Version=2.0.9.1, Culture=neutral, PublicKeyToken=850f055bfe068d39" RootName="DOCUMENTRESPONSE">

          <TrackedPropertyNames/>

        </Schema>


        -<Schema FullName="SBA.DLAPDocumentUpload.Definition.ContentLinkRequestInfo" Description="" AlwaysTrackAllProperties="false" AssemblyQualifiedName="SBA.DLAPDocumentUpload.Definition.ContentLinkRequestInfo,DLAPDocumentUploadDefinition, Version=2.0.9.1, Culture=neutral, PublicKeyToken=850f055bfe068d39" RootName="ContentLinkRequestInfo">

          <TrackedPropertyNames/>

        </Schema>


        -<Schema FullName="SBA.DLAPDocumentUpload.Definition.DocumentUploadFault" Description="" AlwaysTrackAllProperties="false" AssemblyQualifiedName="SBA.DLAPDocumentUpload.Definition.DocumentUploadFault,DLAPDocumentUploadDefinition, Version=2.0.9.1, Culture=neutral, PublicKeyToken=850f055bfe068d39" RootName="Fault">

          <TrackedPropertyNames/>

        </Schema>


        -<Schema FullName="DLAPDocumentUploadSalesForceDefinition.Rest.RestLoanQueryPropertySchema" Description="" AlwaysTrackAllProperties="false" AssemblyQualifiedName="DLAPDocumentUploadSalesForceDefinition.Rest.RestLoanQueryPropertySchema,DLAPDocumentUploadSalesForceDefinition, Version=2.0.9.1, Culture=neutral, PublicKeyToken=850f055bfe068d39">

          <TrackedPropertyNames/>

        </Schema>


        -<Schema FullName="DLAPDocumentUploadSalesForceDefinition.Rest.RestApplicationInfoPropertySchema" Description="" AlwaysTrackAllProperties="false" AssemblyQualifiedName="DLAPDocumentUploadSalesForceDefinition.Rest.RestApplicationInfoPropertySchema,DLAPDocumentUploadSalesForceDefinition, Version=2.0.9.1, Culture=neutral, PublicKeyToken=850f055bfe068d39">

          <TrackedPropertyNames/>

        </Schema>


        -<Schema FullName="DLAPDocumentUploadSalesForceDefinition.Rest.RestChecklistItemDocumentDetailsPropertySchema" Description="" AlwaysTrackAllProperties="false" AssemblyQualifiedName="DLAPDocumentUploadSalesForceDefinition.Rest.RestChecklistItemDocumentDetailsPropertySchema,DLAPDocumentUploadSalesForceDefinition, Version=2.0.9.1, Culture=neutral, PublicKeyToken=850f055bfe068d39">

          <TrackedPropertyNames/>

        </Schema>


        -<Schema FullName="DLAPDocumentUploadSalesForceDefinition.Rest.RestContentVersionQueryPropertySchema" Description="" AlwaysTrackAllProperties="false" AssemblyQualifiedName="DLAPDocumentUploadSalesForceDefinition.Rest.RestContentVersionQueryPropertySchema,DLAPDocumentUploadSalesForceDefinition, Version=2.0.9.1, Culture=neutral, PublicKeyToken=850f055bfe068d39">

          <TrackedPropertyNames/>

        </Schema>


        -<Schema FullName="SBA.DLAPDocumentUpload.SalesForceDefinition.SalesforceInsert_ContentDocumentlink" Description="" AlwaysTrackAllProperties="false" AssemblyQualifiedName="SBA.DLAPDocumentUpload.SalesForceDefinition.SalesforceInsert_ContentDocumentlink,DLAPDocumentUploadSalesForceDefinition, Version=2.0.9.1, Culture=neutral, PublicKeyToken=850f055bfe068d39" RootName="Request">

          <TrackedPropertyNames/>

        </Schema>


        -<Schema FullName="SBA.DLAPDocumentUpload.SalesForceDefinition.SalesforceInsert_ContentDocumentlink" Description="" AlwaysTrackAllProperties="false" AssemblyQualifiedName="SBA.DLAPDocumentUpload.SalesForceDefinition.SalesforceInsert_ContentDocumentlink,DLAPDocumentUploadSalesForceDefinition, Version=2.0.9.1, Culture=neutral, PublicKeyToken=850f055bfe068d39" RootName="Response">

          <TrackedPropertyNames/>

        </Schema>


        -<Schema FullName="DLAPDocumentUploadSalesForceDefinition.Rest.RestLoanQuery" Description="" AlwaysTrackAllProperties="false" AssemblyQualifiedName="DLAPDocumentUploadSalesForceDefinition.Rest.RestLoanQuery,DLAPDocumentUploadSalesForceDefinition, Version=2.0.9.1, Culture=neutral, PublicKeyToken=850f055bfe068d39" RootName="QueryResult">

          <TrackedPropertyNames/>

        </Schema>


        -<Schema FullName="DLAPDocumentUploadSalesForceDefinition.Rest.RestLoanQuery" Description="" AlwaysTrackAllProperties="false" AssemblyQualifiedName="DLAPDocumentUploadSalesForceDefinition.Rest.RestLoanQuery,DLAPDocumentUploadSalesForceDefinition, Version=2.0.9.1, Culture=neutral, PublicKeyToken=850f055bfe068d39" RootName="Request">

          <TrackedPropertyNames/>

        </Schema>


        -<Schema FullName="DLAPDocumentUploadSalesForceDefinition.Rest.RestChecklistItemDocumentDetails" Description="" AlwaysTrackAllProperties="false" AssemblyQualifiedName="DLAPDocumentUploadSalesForceDefinition.Rest.RestChecklistItemDocumentDetails,DLAPDocumentUploadSalesForceDefinition, Version=2.0.9.1, Culture=neutral, PublicKeyToken=850f055bfe068d39" RootName="QueryResult">

          <TrackedPropertyNames/>

        </Schema>


        -<Schema FullName="DLAPDocumentUploadSalesForceDefinition.Rest.RestChecklistItemDocumentDetails" Description="" AlwaysTrackAllProperties="false" AssemblyQualifiedName="DLAPDocumentUploadSalesForceDefinition.Rest.RestChecklistItemDocumentDetails,DLAPDocumentUploadSalesForceDefinition, Version=2.0.9.1, Culture=neutral, PublicKeyToken=850f055bfe068d39" RootName="Request">

          <TrackedPropertyNames/>

        </Schema>


        -<Schema FullName="DLAPDocumentUploadSalesForceDefinition.Rest.RestApplicationInfo" Description="" AlwaysTrackAllProperties="false" AssemblyQualifiedName="DLAPDocumentUploadSalesForceDefinition.Rest.RestApplicationInfo,DLAPDocumentUploadSalesForceDefinition, Version=2.0.9.1, Culture=neutral, PublicKeyToken=850f055bfe068d39" RootName="QueryResult">

          <TrackedPropertyNames/>

        </Schema>


        -<Schema FullName="DLAPDocumentUploadSalesForceDefinition.Rest.RestApplicationInfo" Description="" AlwaysTrackAllProperties="false" AssemblyQualifiedName="DLAPDocumentUploadSalesForceDefinition.Rest.RestApplicationInfo,DLAPDocumentUploadSalesForceDefinition, Version=2.0.9.1, Culture=neutral, PublicKeyToken=850f055bfe068d39" RootName="Request">

          <TrackedPropertyNames/>

        </Schema>


        -<Schema FullName="DLAPDocumentUploadSalesForceDefinition.Rest.RestContentVersionQuery" Description="" AlwaysTrackAllProperties="false" AssemblyQualifiedName="DLAPDocumentUploadSalesForceDefinition.Rest.RestContentVersionQuery,DLAPDocumentUploadSalesForceDefinition, Version=2.0.9.1, Culture=neutral, PublicKeyToken=850f055bfe068d39" RootName="QueryResult">

          <TrackedPropertyNames/>

        </Schema>


        -<Schema FullName="DLAPDocumentUploadSalesForceDefinition.Rest.RestContentVersionQuery" Description="" AlwaysTrackAllProperties="false" AssemblyQualifiedName="DLAPDocumentUploadSalesForceDefinition.Rest.RestContentVersionQuery,DLAPDocumentUploadSalesForceDefinition, Version=2.0.9.1, Culture=neutral, PublicKeyToken=850f055bfe068d39" RootName="Request">

          <TrackedPropertyNames/>

        </Schema>


        -<Schema FullName="DLAPDocumentUploadSalesForceDefinition.Rest.RestReceiptDocument" Description="" AlwaysTrackAllProperties="false" AssemblyQualifiedName="DLAPDocumentUploadSalesForceDefinition.Rest.RestReceiptDocument,DLAPDocumentUploadSalesForceDefinition, Version=2.0.9.1, Culture=neutral, PublicKeyToken=850f055bfe068d39" RootName="results">

          <TrackedPropertyNames/>

        </Schema>


        -<Schema FullName="DLAPDocumentUploadSalesForceDefinition.Rest.RestReceiptDocument" Description="" AlwaysTrackAllProperties="false" AssemblyQualifiedName="DLAPDocumentUploadSalesForceDefinition.Rest.RestReceiptDocument,DLAPDocumentUploadSalesForceDefinition, Version=2.0.9.1, Culture=neutral, PublicKeyToken=850f055bfe068d39" RootName="SaveRequest">

          <TrackedPropertyNames/>

        </Schema>


        -<Schema FullName="DLAPDocumentUploadSalesForceDefinition.Rest.RestChecklistItem" Description="" AlwaysTrackAllProperties="false" AssemblyQualifiedName="DLAPDocumentUploadSalesForceDefinition.Rest.RestChecklistItem,DLAPDocumentUploadSalesForceDefinition, Version=2.0.9.1, Culture=neutral, PublicKeyToken=850f055bfe068d39" RootName="results">

          <TrackedPropertyNames/>

        </Schema>


        -<Schema FullName="DLAPDocumentUploadSalesForceDefinition.Rest.RestChecklistItem" Description="" AlwaysTrackAllProperties="false" AssemblyQualifiedName="DLAPDocumentUploadSalesForceDefinition.Rest.RestChecklistItem,DLAPDocumentUploadSalesForceDefinition, Version=2.0.9.1, Culture=neutral, PublicKeyToken=850f055bfe068d39" RootName="SaveRequest">

          <TrackedPropertyNames/>

        </Schema>


        -<Schema FullName="DLAPDocumentUploadSalesForceDefinition.Rest.RestContentDocumentLink" Description="" AlwaysTrackAllProperties="false" AssemblyQualifiedName="DLAPDocumentUploadSalesForceDefinition.Rest.RestContentDocumentLink,DLAPDocumentUploadSalesForceDefinition, Version=2.0.9.1, Culture=neutral, PublicKeyToken=850f055bfe068d39" RootName="results">

          <TrackedPropertyNames/>

        </Schema>


        -<Schema FullName="DLAPDocumentUploadSalesForceDefinition.Rest.RestContentDocumentLink" Description="" AlwaysTrackAllProperties="false" AssemblyQualifiedName="DLAPDocumentUploadSalesForceDefinition.Rest.RestContentDocumentLink,DLAPDocumentUploadSalesForceDefinition, Version=2.0.9.1, Culture=neutral, PublicKeyToken=850f055bfe068d39" RootName="SaveRequest">

          <TrackedPropertyNames/>

        </Schema>


        -<Schema FullName="DLAPDocumentUploadSalesForceDefinition.Rest.RestContentVersion" Description="" AlwaysTrackAllProperties="false" AssemblyQualifiedName="DLAPDocumentUploadSalesForceDefinition.Rest.RestContentVersion,DLAPDocumentUploadSalesForceDefinition, Version=2.0.9.1, Culture=neutral, PublicKeyToken=850f055bfe068d39" RootName="results">

          <TrackedPropertyNames/>

        </Schema>


        -<Schema FullName="DLAPDocumentUploadSalesForceDefinition.Rest.RestContentVersion" Description="" AlwaysTrackAllProperties="false" AssemblyQualifiedName="DLAPDocumentUploadSalesForceDefinition.Rest.RestContentVersion,DLAPDocumentUploadSalesForceDefinition, Version=2.0.9.1, Culture=neutral, PublicKeyToken=850f055bfe068d39" RootName="SaveRequest">

          <TrackedPropertyNames/>

        </Schema>


        -<Schema FullName="DLAPDocumentUploadSalesForceDefinition.SalesforceQuery_CheckListItemContentId__c" Description="" AlwaysTrackAllProperties="false" AssemblyQualifiedName="DLAPDocumentUploadSalesForceDefinition.SalesforceQuery_CheckListItemContentId__c,DLAPDocumentUploadSalesForceDefinition, Version=2.0.9.1, Culture=neutral, PublicKeyToken=850f055bfe068d39" RootName="Request">

          <TrackedPropertyNames/>

        </Schema>


        -<Schema FullName="DLAPDocumentUploadSalesForceDefinition.SalesforceQuery_CheckListItemContentId__c" Description="" AlwaysTrackAllProperties="false" AssemblyQualifiedName="DLAPDocumentUploadSalesForceDefinition.SalesforceQuery_CheckListItemContentId__c,DLAPDocumentUploadSalesForceDefinition, Version=2.0.9.1, Culture=neutral, PublicKeyToken=850f055bfe068d39" RootName="Response">

          <TrackedPropertyNames/>

        </Schema>


        -<Schema FullName="DLAPDocumentUploadSalesForceDefinition.SalesforceQuery_ReceiptDocument__c" Description="" AlwaysTrackAllProperties="false" AssemblyQualifiedName="DLAPDocumentUploadSalesForceDefinition.SalesforceQuery_ReceiptDocument__c,DLAPDocumentUploadSalesForceDefinition, Version=2.0.9.1, Culture=neutral, PublicKeyToken=850f055bfe068d39" RootName="Request">

          <TrackedPropertyNames/>

        </Schema>


        -<Schema FullName="DLAPDocumentUploadSalesForceDefinition.SalesforceQuery_ReceiptDocument__c" Description="" AlwaysTrackAllProperties="false" AssemblyQualifiedName="DLAPDocumentUploadSalesForceDefinition.SalesforceQuery_ReceiptDocument__c,DLAPDocumentUploadSalesForceDefinition, Version=2.0.9.1, Culture=neutral, PublicKeyToken=850f055bfe068d39" RootName="Response">

          <TrackedPropertyNames/>

        </Schema>


        -<Schema FullName="DLAPDocumentUploadSalesForceDefinition.SalesforceUpdate_CheckList_Item__c" Description="" AlwaysTrackAllProperties="false" AssemblyQualifiedName="DLAPDocumentUploadSalesForceDefinition.SalesforceUpdate_CheckList_Item__c,DLAPDocumentUploadSalesForceDefinition, Version=2.0.9.1, Culture=neutral, PublicKeyToken=850f055bfe068d39" RootName="Request">

          <TrackedPropertyNames/>

        </Schema>


        -<Schema FullName="DLAPDocumentUploadSalesForceDefinition.SalesforceUpdate_CheckList_Item__c" Description="" AlwaysTrackAllProperties="false" AssemblyQualifiedName="DLAPDocumentUploadSalesForceDefinition.SalesforceUpdate_CheckList_Item__c,DLAPDocumentUploadSalesForceDefinition, Version=2.0.9.1, Culture=neutral, PublicKeyToken=850f055bfe068d39" RootName="Response">

          <TrackedPropertyNames/>

        </Schema>


        -<Schema FullName="DLAPDocumentUploadSalesForceDefinition.SalesforceQuery_Loan__c" Description="" AlwaysTrackAllProperties="false" AssemblyQualifiedName="DLAPDocumentUploadSalesForceDefinition.SalesforceQuery_Loan__c,DLAPDocumentUploadSalesForceDefinition, Version=2.0.9.1, Culture=neutral, PublicKeyToken=850f055bfe068d39" RootName="Request">

          <TrackedPropertyNames/>

        </Schema>


        -<Schema FullName="DLAPDocumentUploadSalesForceDefinition.SalesforceQuery_Loan__c" Description="" AlwaysTrackAllProperties="false" AssemblyQualifiedName="DLAPDocumentUploadSalesForceDefinition.SalesforceQuery_Loan__c,DLAPDocumentUploadSalesForceDefinition, Version=2.0.9.1, Culture=neutral, PublicKeyToken=850f055bfe068d39" RootName="Response">

          <TrackedPropertyNames/>

        </Schema>


        -<Schema FullName="SBA.DLAPDocumentUpload.SalesForceDefinition.SalesforceQuery_Application__c" Description="" AlwaysTrackAllProperties="false" AssemblyQualifiedName="SBA.DLAPDocumentUpload.SalesForceDefinition.SalesforceQuery_Application__c,DLAPDocumentUploadSalesForceDefinition, Version=2.0.9.1, Culture=neutral, PublicKeyToken=850f055bfe068d39" RootName="Request">

          <TrackedPropertyNames/>

        </Schema>


        -<Schema FullName="SBA.DLAPDocumentUpload.SalesForceDefinition.SalesforceQuery_Application__c" Description="" AlwaysTrackAllProperties="false" AssemblyQualifiedName="SBA.DLAPDocumentUpload.SalesForceDefinition.SalesforceQuery_Application__c,DLAPDocumentUploadSalesForceDefinition, Version=2.0.9.1, Culture=neutral, PublicKeyToken=850f055bfe068d39" RootName="Response">

          <TrackedPropertyNames/>

        </Schema>


        -<Schema FullName="SBA.DLAPDocumentUpload.SalesForceDefinition.Salesforce_ContentVersion" Description="" AlwaysTrackAllProperties="false" AssemblyQualifiedName="SBA.DLAPDocumentUpload.SalesForceDefinition.Salesforce_ContentVersion,DLAPDocumentUploadSalesForceDefinition, Version=2.0.9.1, Culture=neutral, PublicKeyToken=850f055bfe068d39" RootName="Request">

          <TrackedPropertyNames/>

        </Schema>


        -<Schema FullName="SBA.DLAPDocumentUpload.SalesForceDefinition.Salesforce_ContentVersion" Description="" AlwaysTrackAllProperties="false" AssemblyQualifiedName="SBA.DLAPDocumentUpload.SalesForceDefinition.Salesforce_ContentVersion,DLAPDocumentUploadSalesForceDefinition, Version=2.0.9.1, Culture=neutral, PublicKeyToken=850f055bfe068d39" RootName="Response">

          <TrackedPropertyNames/>

        </Schema>


        -<Schema FullName="SBA.DLAPDocumentUpload.SalesForceDefinition.SalesforceQuery_ContentVersionDocumentId" Description="" AlwaysTrackAllProperties="false" AssemblyQualifiedName="SBA.DLAPDocumentUpload.SalesForceDefinition.SalesforceQuery_ContentVersionDocumentId,DLAPDocumentUploadSalesForceDefinition, Version=2.0.9.1, Culture=neutral, PublicKeyToken=850f055bfe068d39" RootName="Request">

          <TrackedPropertyNames/>

        </Schema>


        -<Schema FullName="SBA.DLAPDocumentUpload.SalesForceDefinition.SalesforceQuery_ContentVersionDocumentId" Description="" AlwaysTrackAllProperties="false" AssemblyQualifiedName="SBA.DLAPDocumentUpload.SalesForceDefinition.SalesforceQuery_ContentVersionDocumentId,DLAPDocumentUploadSalesForceDefinition, Version=2.0.9.1, Culture=neutral, PublicKeyToken=850f055bfe068d39" RootName="Response">

          <TrackedPropertyNames/>

        </Schema>


        -<Schema FullName="DLAPDocumentUploadSalesForceDefinition.Rest.RestEventRequest" Description="" AlwaysTrackAllProperties="false" AssemblyQualifiedName="DLAPDocumentUploadSalesForceDefinition.Rest.RestEventRequest,DLAPDocumentUploadSalesForceDefinition, Version=2.0.9.1, Culture=neutral, PublicKeyToken=850f055bfe068d39" RootName="SaveRequest">

          <TrackedPropertyNames/>

        </Schema>


        -<Schema FullName="DLAPDocumentUploadSalesForceDefinition.Rest.RestEventResponse" Description="" AlwaysTrackAllProperties="false" AssemblyQualifiedName="DLAPDocumentUploadSalesForceDefinition.Rest.RestEventResponse,DLAPDocumentUploadSalesForceDefinition, Version=2.0.9.1, Culture=neutral, PublicKeyToken=850f055bfe068d39" RootName="results">

          <TrackedPropertyNames/>

        </Schema>

      </TrackedSchemas>

    </ModuleRef>


    -<ModuleRef Version="2.0.9.1" FullName="DLAPDocumentUploadDefinition, Version=2.0.9.1, Culture=neutral, PublicKeyToken=850f055bfe068d39" PublicKeyToken="850f055bfe068d39" Culture="neutral" Name="DLAPDocumentUploadDefinition">

      <Services/>

      <TrackedSchemas/>

    </ModuleRef>


    -<ModuleRef Version="2.0.9.1" FullName="DLAPDocumentUploadSalesForceDefinition, Version=2.0.9.1, Culture=neutral, PublicKeyToken=850f055bfe068d39" PublicKeyToken="850f055bfe068d39" Culture="neutral" Name="DLAPDocumentUploadSalesForceDefinition">

      <Services/>

      <TrackedSchemas/>

    </ModuleRef>


    -<ModuleRef Version="2.0.9.1" FullName="DLAPDocumentUploadLogic, Version=2.0.9.1, Culture=neutral, PublicKeyToken=850f055bfe068d39" PublicKeyToken="850f055bfe068d39" Culture="neutral" Name="DLAPDocumentUploadLogic">


      -<Services>


        -<Service Name="DLAPDocument.UploadParentLogic" Description="" TrackingOption="ServiceStartEnd MessageSendReceive OrchestrationEvents" State="Started">


          -<Ports>


            -<Port Name="DocumentUploadPort" BindingOption="1" Modifier="2">

              <SendPortRef xsi:nil="true"/>

              <DistributionListRef xsi:nil="true"/>

              <ReceivePortRef Name="DLAP Document Upload Webservice"/>

            </Port>


            -<Port Name="RestApplicationIdQueryPort" BindingOption="1" Modifier="1">

              <SendPortRef Name="DLAP Document Upload Rest Application Info Query Port"/>

              <DistributionListRef xsi:nil="true"/>

              <ReceivePortRef xsi:nil="true"/>

            </Port>


            -<Port Name="RestLoanQueryPort" BindingOption="1" Modifier="1">

              <SendPortRef Name="DLAP Document Upload Rest Loan Query Port"/>

              <DistributionListRef xsi:nil="true"/>

              <ReceivePortRef xsi:nil="true"/>

            </Port>


            -<Port Name="RestReceiptDocumentInsetPort" BindingOption="1" Modifier="1">

              <SendPortRef Name="DLAP Document Upload Rest Receipt Document Insert Port"/>

              <DistributionListRef xsi:nil="true"/>

              <ReceivePortRef xsi:nil="true"/>

            </Port>


            -<Port Name="RestCheckListContentDocumentQueryPort" BindingOption="1" Modifier="1">

              <SendPortRef Name="DLAP Document Upload Rest CheckListItem Content Document Query Port"/>

              <DistributionListRef xsi:nil="true"/>

              <ReceivePortRef xsi:nil="true"/>

            </Port>


            -<Port Name="RestCheckListItemUpdatePort" BindingOption="1" Modifier="1">

              <SendPortRef Name="DLAP Document Upload Rest Check List Item Update Port"/>

              <DistributionListRef xsi:nil="true"/>

              <ReceivePortRef xsi:nil="true"/>

            </Port>

          </Ports>

          <Roles/>

          <Host Name="Orchestration" Trusted="false" Type="1" NTGroupName="SBA\ODA_BIZTALK_APP_USERS"/>

        </Service>


        -<Service Name="DLAPDocument.UploadUpdatingCheckListItemDocumentProccessingLogic" Description="" TrackingOption="ServiceStartEnd MessageSendReceive OrchestrationEvents" State="Started">


          -<Ports>


            -<Port Name="RestCheckListItemContentVersionInsertPort" BindingOption="1" Modifier="1">

              <SendPortRef Name="DLAP Document Upload Rest Content Version Insert Port"/>

              <DistributionListRef xsi:nil="true"/>

              <ReceivePortRef xsi:nil="true"/>

            </Port>

          </Ports>

          <Roles/>

          <Host Name="Orchestration" Trusted="false" Type="1" NTGroupName="SBA\ODA_BIZTALK_APP_USERS"/>

        </Service>


        -<Service Name="DLAPDocument.UploadChildLogic" Description="" TrackingOption="ServiceStartEnd MessageSendReceive OrchestrationEvents" State="Started">


          -<Ports>


            -<Port Name="RestContentVersionInsertPort" BindingOption="1" Modifier="1">

              <SendPortRef Name="DLAP Document Upload Rest Content Version Insert Port"/>

              <DistributionListRef xsi:nil="true"/>

              <ReceivePortRef xsi:nil="true"/>

            </Port>


            -<Port Name="RestContentVersionDocumentIdQueryPort" BindingOption="1" Modifier="1">

              <SendPortRef Name="DLAP Document Upload Rest Content Version DocumentId Query Port"/>

              <DistributionListRef xsi:nil="true"/>

              <ReceivePortRef xsi:nil="true"/>

            </Port>


            -<Port Name="RestContentDocumentlinkInsertPort" BindingOption="1" Modifier="1">

              <SendPortRef Name="DLAP Document Upload Rest Content Documentlink Insert Port"/>

              <DistributionListRef xsi:nil="true"/>

              <ReceivePortRef xsi:nil="true"/>

            </Port>

          </Ports>

          <Roles/>

          <Host Name="Orchestration" Trusted="false" Type="1" NTGroupName="SBA\ODA_BIZTALK_APP_USERS"/>

        </Service>


        -<Service Name="DLAPDocument.UploadEventRequest" Description="" TrackingOption="ServiceStartEnd MessageSendReceive OrchestrationEvents" State="Started">


          -<Ports>


            -<Port Name="RestEventPort" BindingOption="1" Modifier="1">

              <SendPortRef Name="DLAP Document Upload Rest Event Request Port"/>

              <DistributionListRef xsi:nil="true"/>

              <ReceivePortRef xsi:nil="true"/>

            </Port>

          </Ports>

          <Roles/>

          <Host Name="Orchestration" Trusted="false" Type="1" NTGroupName="SBA\ODA_BIZTALK_APP_USERS"/>

        </Service>

      </Services>

      <TrackedSchemas/>

    </ModuleRef>

  </ModuleRefCollection>


  -<SendPortCollection>


    -<SendPort Name="DLAP Document Upload Rest Content Version Insert Port" BindingOption="1" IsTwoWay="true" IsStatic="true">

      <Description xsi:nil="true"/>

      <TransmitPipeline Name="Microsoft.BizTalk.DefaultPipelines.PassThruTransmit" Description="" TrackingOption="None" Type="2" FullyQualifiedName="Microsoft.BizTalk.DefaultPipelines.PassThruTransmit, Microsoft.BizTalk.DefaultPipelines, Version=3.0.1.0, Culture=neutral, PublicKeyToken=31bf3856ad364e35"/>


      -<PrimaryTransport>

        <Address>{SFRESTADDRESS}</Address>

        <TransportType Name="WCF-WebHttp" ConfigurationClsid="e5b2de81-de67-4559-869b-20925949a1e0" Capabilities="387"/>

        <TransportTypeData>
          <CustomProps>
            <ServiceCertificate vt="8" />
            <HttpMethodAndUrl vt="8">&lt;BtsHttpUrlMapping&gt; &lt;Operation Method="POST" Url="services/data/v43.0/composite/sobjects" /&gt; &lt;/BtsHttpUrlMapping&gt;</HttpMethodAndUrl>
            <MaxReceivedMessageSize vt="3">65536</MaxReceivedMessageSize>
            <ClientCertificate vt="8" />
            <ProxyUserName vt="8" />
            <UseAcsAuthentication vt="11">0</UseAcsAuthentication>
            <SuppressMessageBodyForHttpVerbs vt="8" />
            <VariablePropertyMapping vt="8">&lt;BtsVariablePropertyMapping xmlns:xsi="http://www.w3.org/2001/XMLSchema-instance" xmlns:xsd="http://www.w3.org/2001/XMLSchema" /&gt;</VariablePropertyMapping>
            <SecurityMode vt="8">Transport</SecurityMode>
            <ProxyToUse vt="8">Default</ProxyToUse>
            <EndpointBehaviorConfiguration vt="8">&lt;behavior name="EndpointBehavior"&gt;&lt;SalesforceRestAuthBehavior /&gt;&lt;/behavior&gt;</EndpointBehaviorConfiguration>
            <TransportClientCredentialType vt="8">None</TransportClientCredentialType>
            <OpenTimeout vt="8">00:01:00</OpenTimeout>
            <UseSSO vt="11">0</UseSSO>
            <UseSasAuthentication vt="11">0</UseSasAuthentication>
            <CloseTimeout vt="8">00:01:00</CloseTimeout>
            <SendTimeout vt="8">00:01:00</SendTimeout>
            <HttpHeaders vt="8">Accept: application/xml Content-Type: application/xml </HttpHeaders>
          </CustomProps>
        </TransportTypeData>

        <RetryCount>0</RetryCount>

        <RetryInterval>0</RetryInterval>

        <ServiceWindowEnabled>false</ServiceWindowEnabled>

        <FromTime>2000-01-01T04:00:00</FromTime>

        <ToTime>2000-01-01T03:59:59</ToTime>

        <Primary>true</Primary>

        <OrderedDelivery>false</OrderedDelivery>

        <DeliveryNotification>1</DeliveryNotification>


        -<SendHandler Name="Send" HostTrusted="false">

          <TransportType Name="WCF-WebHttp" ConfigurationClsid="e5b2de81-de67-4559-869b-20925949a1e0" Capabilities="387"/>

        </SendHandler>

      </PrimaryTransport>


      -<SecondaryTransport>

        <Address/>

        <RetryCount>3</RetryCount>

        <RetryInterval>5</RetryInterval>

        <ServiceWindowEnabled>false</ServiceWindowEnabled>

        <FromTime>2000-01-01T04:00:00</FromTime>

        <ToTime>2000-01-01T03:59:59</ToTime>

        <Primary>false</Primary>

        <OrderedDelivery>false</OrderedDelivery>

        <DeliveryNotification>1</DeliveryNotification>

        <SendHandler xsi:nil="true"/>

      </SecondaryTransport>

      <ReceivePipeline Name="SBA.BizTalk.Shared.Pipelines.General.SimpleNamespaceChangeDecoderReceive" Description="" TrackingOption="ServiceStartEnd MessageSendReceive PipelineEvents" Type="1" FullyQualifiedName="SBA.BizTalk.Shared.Pipelines.General.SimpleNamespaceChangeDecoderReceive, SBA.BizTalk.Shared.Pipelines, Version=1.0.1.2, Culture=neutral, PublicKeyToken=7bf51f5d89236764"/>

      <ReceivePipelineData>
        <Root xmlns:xsd="http://www.w3.org/2001/XMLSchema" xmlns:xsi="http://www.w3.org/2001/XMLSchema-instance">
          <Stages>
            <Stage CategoryId="9d0e4103-4cce-4536-83fa-4a5040674ad6">
              <Components>
                <Component Name="SBA.BizTalk.Shared.PipelineComponents.General.SimpleNamespaceChangeDecoder">
                  <Properties>
                    <MessageNamespace vt="8">http://SBA.gov/DLAPDocumentUpload/REST/INSERT/RestContentVersion</MessageNamespace>
                  </Properties>
                </Component>
              </Components>
            </Stage>
          </Stages>
        </Root>
      </ReceivePipelineData>

      <Tracking>0</Tracking>

      <Filter/>

      <Transforms/>

      <InboundTransforms/>

      <OrderedDelivery>false</OrderedDelivery>

      <Priority>5</Priority>

      <StopSendingOnFailure>false</StopSendingOnFailure>

      <RouteFailedMessage>false</RouteFailedMessage>

      <ApplicationName>DLAP Document Upload</ApplicationName>

    </SendPort>


    -<SendPort Name="DLAP Document Upload Rest Content Documentlink Insert Port" BindingOption="1" IsTwoWay="true" IsStatic="true">

      <Description xsi:nil="true"/>

      <TransmitPipeline Name="Microsoft.BizTalk.DefaultPipelines.PassThruTransmit" Description="" TrackingOption="None" Type="2" FullyQualifiedName="Microsoft.BizTalk.DefaultPipelines.PassThruTransmit, Microsoft.BizTalk.DefaultPipelines, Version=3.0.1.0, Culture=neutral, PublicKeyToken=31bf3856ad364e35"/>


      -<PrimaryTransport>

        <Address>{SFRESTADDRESS}</Address>

        <TransportType Name="WCF-WebHttp" ConfigurationClsid="e5b2de81-de67-4559-869b-20925949a1e0" Capabilities="387"/>

        <TransportTypeData>
          <CustomProps>
            <ServiceCertificate vt="8" />
            <HttpMethodAndUrl vt="8">&lt;BtsHttpUrlMapping&gt; &lt;Operation Method="POST" Url="services/data/v43.0/composite/sobjects" /&gt; &lt;/BtsHttpUrlMapping&gt;</HttpMethodAndUrl>
            <MaxReceivedMessageSize vt="3">65536</MaxReceivedMessageSize>
            <ClientCertificate vt="8" />
            <ProxyUserName vt="8" />
            <UseAcsAuthentication vt="11">0</UseAcsAuthentication>
            <SuppressMessageBodyForHttpVerbs vt="8" />
            <VariablePropertyMapping vt="8">&lt;BtsVariablePropertyMapping xmlns:xsi="http://www.w3.org/2001/XMLSchema-instance" xmlns:xsd="http://www.w3.org/2001/XMLSchema" /&gt;</VariablePropertyMapping>
            <SecurityMode vt="8">Transport</SecurityMode>
            <ProxyToUse vt="8">Default</ProxyToUse>
            <EndpointBehaviorConfiguration vt="8">&lt;behavior name="EndpointBehavior"&gt;&lt;SalesforceRestAuthBehavior /&gt;&lt;/behavior&gt;</EndpointBehaviorConfiguration>
            <TransportClientCredentialType vt="8">None</TransportClientCredentialType>
            <OpenTimeout vt="8">00:01:00</OpenTimeout>
            <UseSSO vt="11">0</UseSSO>
            <UseSasAuthentication vt="11">0</UseSasAuthentication>
            <CloseTimeout vt="8">00:01:00</CloseTimeout>
            <SendTimeout vt="8">00:01:00</SendTimeout>
            <HttpHeaders vt="8">Accept: application/xml Content-Type: application/xml </HttpHeaders>
          </CustomProps>
        </TransportTypeData>

        <RetryCount>0</RetryCount>

        <RetryInterval>0</RetryInterval>

        <ServiceWindowEnabled>false</ServiceWindowEnabled>

        <FromTime>2000-01-01T04:00:00</FromTime>

        <ToTime>2000-01-01T03:59:59</ToTime>

        <Primary>true</Primary>

        <OrderedDelivery>false</OrderedDelivery>

        <DeliveryNotification>1</DeliveryNotification>


        -<SendHandler Name="Send" HostTrusted="false">

          <TransportType Name="WCF-WebHttp" ConfigurationClsid="e5b2de81-de67-4559-869b-20925949a1e0" Capabilities="387"/>

        </SendHandler>

      </PrimaryTransport>


      -<SecondaryTransport>

        <Address/>

        <RetryCount>3</RetryCount>

        <RetryInterval>5</RetryInterval>

        <ServiceWindowEnabled>false</ServiceWindowEnabled>

        <FromTime>2000-01-01T04:00:00</FromTime>

        <ToTime>2000-01-01T03:59:59</ToTime>

        <Primary>false</Primary>

        <OrderedDelivery>false</OrderedDelivery>

        <DeliveryNotification>1</DeliveryNotification>

        <SendHandler xsi:nil="true"/>

      </SecondaryTransport>

      <ReceivePipeline Name="SBA.BizTalk.Shared.Pipelines.General.SimpleNamespaceChangeDecoderReceive" Description="" TrackingOption="ServiceStartEnd MessageSendReceive PipelineEvents" Type="1" FullyQualifiedName="SBA.BizTalk.Shared.Pipelines.General.SimpleNamespaceChangeDecoderReceive, SBA.BizTalk.Shared.Pipelines, Version=1.0.1.2, Culture=neutral, PublicKeyToken=7bf51f5d89236764"/>

      <ReceivePipelineData>
        <Root xmlns:xsd="http://www.w3.org/2001/XMLSchema" xmlns:xsi="http://www.w3.org/2001/XMLSchema-instance">
          <Stages>
            <Stage CategoryId="9d0e4103-4cce-4536-83fa-4a5040674ad6">
              <Components>
                <Component Name="SBA.BizTalk.Shared.PipelineComponents.General.SimpleNamespaceChangeDecoder">
                  <Properties>
                    <MessageNamespace vt="8">http://SBA.gov/DLAPDocumentUpload/REST/INSERT/RestContentDocumentLink</MessageNamespace>
                  </Properties>
                </Component>
              </Components>
            </Stage>
          </Stages>
        </Root>
      </ReceivePipelineData>

      <Tracking>0</Tracking>

      <Filter/>

      <Transforms/>

      <InboundTransforms/>

      <OrderedDelivery>false</OrderedDelivery>

      <Priority>5</Priority>

      <StopSendingOnFailure>false</StopSendingOnFailure>

      <RouteFailedMessage>false</RouteFailedMessage>

      <ApplicationName>DLAP Document Upload</ApplicationName>

    </SendPort>


    -<SendPort Name="DLAP Document Upload Rest Content Version DocumentId Query Port" BindingOption="1" IsTwoWay="true" IsStatic="true">

      <Description xsi:nil="true"/>

      <TransmitPipeline Name="Microsoft.BizTalk.DefaultPipelines.PassThruTransmit" Description="" TrackingOption="None" Type="2" FullyQualifiedName="Microsoft.BizTalk.DefaultPipelines.PassThruTransmit, Microsoft.BizTalk.DefaultPipelines, Version=3.0.1.0, Culture=neutral, PublicKeyToken=31bf3856ad364e35"/>


      -<PrimaryTransport>

        <Address>{SFRESTADDRESS}</Address>

        <TransportType Name="WCF-WebHttp" ConfigurationClsid="e5b2de81-de67-4559-869b-20925949a1e0" Capabilities="387"/>

        <TransportTypeData>
          <CustomProps>
            <ServiceCertificate vt="8" />
            <HttpMethodAndUrl vt="8">&lt;BtsHttpUrlMapping&gt; &lt;Operation Method="GET" Url="/services/data/v42.0/query/?q={SOQLQuery}" /&gt; &lt;/BtsHttpUrlMapping&gt;</HttpMethodAndUrl>
            <MaxReceivedMessageSize vt="3">65536</MaxReceivedMessageSize>
            <ClientCertificate vt="8" />
            <ProxyUserName vt="8" />
            <UseAcsAuthentication vt="11">0</UseAcsAuthentication>
            <SuppressMessageBodyForHttpVerbs vt="8">GET</SuppressMessageBodyForHttpVerbs>
            <VariablePropertyMapping vt="8">&lt;BtsVariablePropertyMapping xmlns:xsi="http://www.w3.org/2001/XMLSchema-instance" xmlns:xsd="http://www.w3.org/2001/XMLSchema"&gt; &lt;Variable Name="SOQLQUERY" PropertyName="SOQL_ContentDocument_ID_Query" PropertyNamespace="https://SBA.gov/DLAPDocumentUpload/REST/QUERY/RestContentVersionQueryPropertySchema" /&gt; &lt;/BtsVariablePropertyMapping&gt;</VariablePropertyMapping>
            <SecurityMode vt="8">Transport</SecurityMode>
            <ProxyToUse vt="8">Default</ProxyToUse>
            <EndpointBehaviorConfiguration vt="8">&lt;behavior name="EndpointBehavior"&gt;&lt;SalesforceRestAuthBehavior /&gt;&lt;/behavior&gt;</EndpointBehaviorConfiguration>
            <TransportClientCredentialType vt="8">None</TransportClientCredentialType>
            <OpenTimeout vt="8">00:01:00</OpenTimeout>
            <UseSSO vt="11">0</UseSSO>
            <UseSasAuthentication vt="11">0</UseSasAuthentication>
            <CloseTimeout vt="8">00:01:00</CloseTimeout>
            <SendTimeout vt="8">00:01:00</SendTimeout>
            <HttpHeaders vt="8">Accept: application/xml Content-Type: application/xml </HttpHeaders>
          </CustomProps>
        </TransportTypeData>

        <RetryCount>0</RetryCount>

        <RetryInterval>5</RetryInterval>

        <ServiceWindowEnabled>false</ServiceWindowEnabled>

        <FromTime>2000-01-01T04:00:00</FromTime>

        <ToTime>2000-01-01T03:59:59</ToTime>

        <Primary>true</Primary>

        <OrderedDelivery>false</OrderedDelivery>

        <DeliveryNotification>1</DeliveryNotification>


        -<SendHandler Name="Send" HostTrusted="false">

          <TransportType Name="WCF-WebHttp" ConfigurationClsid="e5b2de81-de67-4559-869b-20925949a1e0" Capabilities="387"/>

        </SendHandler>

      </PrimaryTransport>


      -<SecondaryTransport>

        <Address/>

        <RetryCount>3</RetryCount>

        <RetryInterval>5</RetryInterval>

        <ServiceWindowEnabled>false</ServiceWindowEnabled>

        <FromTime>2000-01-01T04:00:00</FromTime>

        <ToTime>2000-01-01T03:59:59</ToTime>

        <Primary>false</Primary>

        <OrderedDelivery>false</OrderedDelivery>

        <DeliveryNotification>1</DeliveryNotification>

        <SendHandler xsi:nil="true"/>

      </SecondaryTransport>

      <ReceivePipeline Name="SBA.BizTalk.Shared.Pipelines.General.SimpleNamespaceChangeDecoderReceive" Description="" TrackingOption="ServiceStartEnd MessageSendReceive PipelineEvents" Type="1" FullyQualifiedName="SBA.BizTalk.Shared.Pipelines.General.SimpleNamespaceChangeDecoderReceive, SBA.BizTalk.Shared.Pipelines, Version=1.0.1.2, Culture=neutral, PublicKeyToken=7bf51f5d89236764"/>

      <ReceivePipelineData>
        <Root xmlns:xsd="http://www.w3.org/2001/XMLSchema" xmlns:xsi="http://www.w3.org/2001/XMLSchema-instance">
          <Stages>
            <Stage CategoryId="9d0e4103-4cce-4536-83fa-4a5040674ad6">
              <Components>
                <Component Name="SBA.BizTalk.Shared.PipelineComponents.General.SimpleNamespaceChangeDecoder">
                  <Properties>
                    <MessageNamespace vt="8">http://SBA.gov/DLAPDocumentUpload/REST/QUERY/RestContentVersion</MessageNamespace>
                  </Properties>
                </Component>
              </Components>
            </Stage>
          </Stages>
        </Root>
      </ReceivePipelineData>

      <Tracking>0</Tracking>

      <Filter/>

      <Transforms/>

      <InboundTransforms/>

      <OrderedDelivery>false</OrderedDelivery>

      <Priority>5</Priority>

      <StopSendingOnFailure>false</StopSendingOnFailure>

      <RouteFailedMessage>false</RouteFailedMessage>

      <ApplicationName>DLAP Document Upload</ApplicationName>

    </SendPort>


    -<SendPort Name="DLAP Document Upload Rest CheckListItem Content Document Query Port" BindingOption="1" IsTwoWay="true" IsStatic="true">

      <Description xsi:nil="true"/>

      <TransmitPipeline Name="Microsoft.BizTalk.DefaultPipelines.PassThruTransmit" Description="" TrackingOption="None" Type="2" FullyQualifiedName="Microsoft.BizTalk.DefaultPipelines.PassThruTransmit, Microsoft.BizTalk.DefaultPipelines, Version=3.0.1.0, Culture=neutral, PublicKeyToken=31bf3856ad364e35"/>


      -<PrimaryTransport>

        <Address>{SFRESTADDRESS}</Address>

        <TransportType Name="WCF-WebHttp" ConfigurationClsid="e5b2de81-de67-4559-869b-20925949a1e0" Capabilities="387"/>

        <TransportTypeData>
          <CustomProps>
            <ServiceCertificate vt="8" />
            <HttpMethodAndUrl vt="8">&lt;BtsHttpUrlMapping&gt; &lt;Operation Method="GET" Url="/services/data/v42.0/query/?q={SOQLQuery}" /&gt; &lt;/BtsHttpUrlMapping&gt;</HttpMethodAndUrl>
            <MaxReceivedMessageSize vt="3">65536</MaxReceivedMessageSize>
            <ClientCertificate vt="8" />
            <ProxyUserName vt="8" />
            <UseAcsAuthentication vt="11">0</UseAcsAuthentication>
            <SuppressMessageBodyForHttpVerbs vt="8">GET</SuppressMessageBodyForHttpVerbs>
            <VariablePropertyMapping vt="8">&lt;BtsVariablePropertyMapping xmlns:xsi="http://www.w3.org/2001/XMLSchema-instance" xmlns:xsd="http://www.w3.org/2001/XMLSchema"&gt; &lt;Variable Name="SOQLQUERY" PropertyName="SOQL_ContentDocument_Query" PropertyNamespace="https://SBA.gov/DLAPDocumentUpload/REST/QUERY/ChecklistItemDocumentDetailsPropertySchema" /&gt; &lt;/BtsVariablePropertyMapping&gt;</VariablePropertyMapping>
            <SecurityMode vt="8">Transport</SecurityMode>
            <ProxyToUse vt="8">Default</ProxyToUse>
            <EndpointBehaviorConfiguration vt="8">&lt;behavior name="EndpointBehavior"&gt;&lt;SalesforceRestAuthBehavior /&gt;&lt;/behavior&gt;</EndpointBehaviorConfiguration>
            <TransportClientCredentialType vt="8">None</TransportClientCredentialType>
            <OpenTimeout vt="8">00:01:00</OpenTimeout>
            <UseSSO vt="11">0</UseSSO>
            <UseSasAuthentication vt="11">0</UseSasAuthentication>
            <CloseTimeout vt="8">00:01:00</CloseTimeout>
            <SendTimeout vt="8">00:01:00</SendTimeout>
            <HttpHeaders vt="8">Accept: application/xml Content-Type: application/xml </HttpHeaders>
          </CustomProps>
        </TransportTypeData>

        <RetryCount>0</RetryCount>

        <RetryInterval>0</RetryInterval>

        <ServiceWindowEnabled>false</ServiceWindowEnabled>

        <FromTime>2000-01-01T04:00:00</FromTime>

        <ToTime>2000-01-01T03:59:59</ToTime>

        <Primary>true</Primary>

        <OrderedDelivery>false</OrderedDelivery>

        <DeliveryNotification>1</DeliveryNotification>


        -<SendHandler Name="Send" HostTrusted="false">

          <TransportType Name="WCF-WebHttp" ConfigurationClsid="e5b2de81-de67-4559-869b-20925949a1e0" Capabilities="387"/>

        </SendHandler>

      </PrimaryTransport>


      -<SecondaryTransport>

        <Address/>

        <RetryCount>3</RetryCount>

        <RetryInterval>5</RetryInterval>

        <ServiceWindowEnabled>false</ServiceWindowEnabled>

        <FromTime>2000-01-01T04:00:00</FromTime>

        <ToTime>2000-01-01T03:59:59</ToTime>

        <Primary>false</Primary>

        <OrderedDelivery>false</OrderedDelivery>

        <DeliveryNotification>1</DeliveryNotification>

        <SendHandler xsi:nil="true"/>

      </SecondaryTransport>

      <ReceivePipeline Name="SBA.BizTalk.Shared.Pipelines.General.SimpleNamespaceChangeDecoderReceive" Description="" TrackingOption="ServiceStartEnd MessageSendReceive PipelineEvents" Type="1" FullyQualifiedName="SBA.BizTalk.Shared.Pipelines.General.SimpleNamespaceChangeDecoderReceive, SBA.BizTalk.Shared.Pipelines, Version=1.0.1.2, Culture=neutral, PublicKeyToken=7bf51f5d89236764"/>

      <ReceivePipelineData>
        <Root xmlns:xsd="http://www.w3.org/2001/XMLSchema" xmlns:xsi="http://www.w3.org/2001/XMLSchema-instance">
          <Stages>
            <Stage CategoryId="9d0e4103-4cce-4536-83fa-4a5040674ad6">
              <Components>
                <Component Name="SBA.BizTalk.Shared.PipelineComponents.General.SimpleNamespaceChangeDecoder">
                  <Properties>
                    <MessageNamespace vt="8">http://SBA.gov/DLAPDocumentUpload/REST/QUERY/ContentDocument</MessageNamespace>
                  </Properties>
                </Component>
              </Components>
            </Stage>
          </Stages>
        </Root>
      </ReceivePipelineData>

      <Tracking>0</Tracking>

      <Filter/>

      <Transforms/>

      <InboundTransforms/>

      <OrderedDelivery>false</OrderedDelivery>

      <Priority>3</Priority>

      <StopSendingOnFailure>false</StopSendingOnFailure>

      <RouteFailedMessage>false</RouteFailedMessage>

      <ApplicationName>DLAP Document Upload</ApplicationName>

    </SendPort>


    -<SendPort Name="DLAP Document Upload Rest Check List Item Update Port" BindingOption="1" IsTwoWay="true" IsStatic="true">

      <Description xsi:nil="true"/>

      <TransmitPipeline Name="Microsoft.BizTalk.DefaultPipelines.PassThruTransmit" Description="" TrackingOption="None" Type="2" FullyQualifiedName="Microsoft.BizTalk.DefaultPipelines.PassThruTransmit, Microsoft.BizTalk.DefaultPipelines, Version=3.0.1.0, Culture=neutral, PublicKeyToken=31bf3856ad364e35"/>


      -<PrimaryTransport>

        <Address>{SFRESTADDRESS}</Address>

        <TransportType Name="WCF-WebHttp" ConfigurationClsid="e5b2de81-de67-4559-869b-20925949a1e0" Capabilities="387"/>

        <TransportTypeData>
          <CustomProps>
            <ServiceCertificate vt="8" />
            <HttpMethodAndUrl vt="8">&lt;BtsHttpUrlMapping&gt; &lt;Operation Method="PATCH" Url="services/data/v43.0/composite/sobjects" /&gt; &lt;/BtsHttpUrlMapping&gt;</HttpMethodAndUrl>
            <MaxReceivedMessageSize vt="3">65536</MaxReceivedMessageSize>
            <ClientCertificate vt="8" />
            <ProxyUserName vt="8" />
            <UseAcsAuthentication vt="11">0</UseAcsAuthentication>
            <SuppressMessageBodyForHttpVerbs vt="8" />
            <VariablePropertyMapping vt="8">&lt;BtsVariablePropertyMapping xmlns:xsi="http://www.w3.org/2001/XMLSchema-instance" xmlns:xsd="http://www.w3.org/2001/XMLSchema" /&gt;</VariablePropertyMapping>
            <SecurityMode vt="8">Transport</SecurityMode>
            <ProxyToUse vt="8">Default</ProxyToUse>
            <EndpointBehaviorConfiguration vt="8">&lt;behavior name="EndpointBehavior"&gt;&lt;SalesforceRestAuthBehavior /&gt;&lt;/behavior&gt;</EndpointBehaviorConfiguration>
            <TransportClientCredentialType vt="8">None</TransportClientCredentialType>
            <OpenTimeout vt="8">00:01:00</OpenTimeout>
            <UseSSO vt="11">0</UseSSO>
            <UseSasAuthentication vt="11">0</UseSasAuthentication>
            <CloseTimeout vt="8">00:01:00</CloseTimeout>
            <SendTimeout vt="8">00:01:00</SendTimeout>
            <HttpHeaders vt="8">Accept: application/xml Content-Type: application/xml </HttpHeaders>
          </CustomProps>
        </TransportTypeData>

        <RetryCount>0</RetryCount>

        <RetryInterval>0</RetryInterval>

        <ServiceWindowEnabled>false</ServiceWindowEnabled>

        <FromTime>2000-01-01T04:00:00</FromTime>

        <ToTime>2000-01-01T03:59:59</ToTime>

        <Primary>true</Primary>

        <OrderedDelivery>false</OrderedDelivery>

        <DeliveryNotification>1</DeliveryNotification>


        -<SendHandler Name="Send" HostTrusted="false">

          <TransportType Name="WCF-WebHttp" ConfigurationClsid="e5b2de81-de67-4559-869b-20925949a1e0" Capabilities="387"/>

        </SendHandler>

      </PrimaryTransport>


      -<SecondaryTransport>

        <Address/>

        <RetryCount>3</RetryCount>

        <RetryInterval>5</RetryInterval>

        <ServiceWindowEnabled>false</ServiceWindowEnabled>

        <FromTime>2000-01-01T04:00:00</FromTime>

        <ToTime>2000-01-01T03:59:59</ToTime>

        <Primary>false</Primary>

        <OrderedDelivery>false</OrderedDelivery>

        <DeliveryNotification>1</DeliveryNotification>

        <SendHandler xsi:nil="true"/>

      </SecondaryTransport>

      <ReceivePipeline Name="SBA.BizTalk.Shared.Pipelines.General.SimpleNamespaceChangeDecoderReceive" Description="" TrackingOption="ServiceStartEnd MessageSendReceive PipelineEvents" Type="1" FullyQualifiedName="SBA.BizTalk.Shared.Pipelines.General.SimpleNamespaceChangeDecoderReceive, SBA.BizTalk.Shared.Pipelines, Version=1.0.1.2, Culture=neutral, PublicKeyToken=7bf51f5d89236764"/>

      <ReceivePipelineData>
        <Root xmlns:xsd="http://www.w3.org/2001/XMLSchema" xmlns:xsi="http://www.w3.org/2001/XMLSchema-instance">
          <Stages>
            <Stage CategoryId="9d0e4103-4cce-4536-83fa-4a5040674ad6">
              <Components>
                <Component Name="SBA.BizTalk.Shared.PipelineComponents.General.SimpleNamespaceChangeDecoder">
                  <Properties>
                    <MessageNamespace vt="8">http://SBA.gov/DLAPDocumentUpload/REST/UPDATE/RestChecklistItem</MessageNamespace>
                  </Properties>
                </Component>
              </Components>
            </Stage>
          </Stages>
        </Root>
      </ReceivePipelineData>

      <Tracking>0</Tracking>

      <Filter/>

      <Transforms/>

      <InboundTransforms/>

      <OrderedDelivery>false</OrderedDelivery>

      <Priority>5</Priority>

      <StopSendingOnFailure>false</StopSendingOnFailure>

      <RouteFailedMessage>false</RouteFailedMessage>

      <ApplicationName>DLAP Document Upload</ApplicationName>

    </SendPort>


    -<SendPort Name="DLAP Document Upload Rest Application Info Query Port" BindingOption="1" IsTwoWay="true" IsStatic="true">

      <Description xsi:nil="true"/>

      <TransmitPipeline Name="Microsoft.BizTalk.DefaultPipelines.PassThruTransmit" Description="" TrackingOption="None" Type="2" FullyQualifiedName="Microsoft.BizTalk.DefaultPipelines.PassThruTransmit, Microsoft.BizTalk.DefaultPipelines, Version=3.0.1.0, Culture=neutral, PublicKeyToken=31bf3856ad364e35"/>


      -<PrimaryTransport>

        <Address>{SFRESTADDRESS}</Address>

        <TransportType Name="WCF-WebHttp" ConfigurationClsid="e5b2de81-de67-4559-869b-20925949a1e0" Capabilities="387"/>

        <TransportTypeData>
          <CustomProps>
            <ServiceCertificate vt="8" />
            <HttpMethodAndUrl vt="8">&lt;BtsHttpUrlMapping&gt; &lt;Operation Method="GET" Url="/services/data/v42.0/query/?q={SOQLQuery}" /&gt; &lt;/BtsHttpUrlMapping&gt;</HttpMethodAndUrl>
            <MaxReceivedMessageSize vt="3">65536</MaxReceivedMessageSize>
            <ClientCertificate vt="8" />
            <ProxyUserName vt="8" />
            <UseAcsAuthentication vt="11">0</UseAcsAuthentication>
            <SuppressMessageBodyForHttpVerbs vt="8">GET</SuppressMessageBodyForHttpVerbs>
            <VariablePropertyMapping vt="8">&lt;BtsVariablePropertyMapping xmlns:xsi="http://www.w3.org/2001/XMLSchema-instance" xmlns:xsd="http://www.w3.org/2001/XMLSchema"&gt; &lt;Variable Name="SOQLQUERY" PropertyName="SOQL_ApplicationInfo_Query" PropertyNamespace="https://SBA.gov/DLAPDocumentUpload/REST/Query/RestApplicationInfoPropertySchema" /&gt; &lt;/BtsVariablePropertyMapping&gt;</VariablePropertyMapping>
            <SecurityMode vt="8">Transport</SecurityMode>
            <ProxyToUse vt="8">Default</ProxyToUse>
            <EndpointBehaviorConfiguration vt="8">&lt;behavior name="EndpointBehavior"&gt;&lt;SalesforceRestAuthBehavior /&gt;&lt;/behavior&gt;</EndpointBehaviorConfiguration>
            <TransportClientCredentialType vt="8">None</TransportClientCredentialType>
            <OpenTimeout vt="8">00:01:00</OpenTimeout>
            <UseSSO vt="11">0</UseSSO>
            <UseSasAuthentication vt="11">0</UseSasAuthentication>
            <CloseTimeout vt="8">00:01:00</CloseTimeout>
            <SendTimeout vt="8">00:01:00</SendTimeout>
            <HttpHeaders vt="8">Accept: application/xml Content-Type: application/xml </HttpHeaders>
          </CustomProps>
        </TransportTypeData>

        <RetryCount>0</RetryCount>

        <RetryInterval>5</RetryInterval>

        <ServiceWindowEnabled>false</ServiceWindowEnabled>

        <FromTime>2000-01-01T04:00:00</FromTime>

        <ToTime>2000-01-01T03:59:59</ToTime>

        <Primary>true</Primary>

        <OrderedDelivery>false</OrderedDelivery>

        <DeliveryNotification>1</DeliveryNotification>


        -<SendHandler Name="Send" HostTrusted="false">

          <TransportType Name="WCF-WebHttp" ConfigurationClsid="e5b2de81-de67-4559-869b-20925949a1e0" Capabilities="387"/>

        </SendHandler>

      </PrimaryTransport>


      -<SecondaryTransport>

        <Address/>

        <RetryCount>3</RetryCount>

        <RetryInterval>5</RetryInterval>

        <ServiceWindowEnabled>false</ServiceWindowEnabled>

        <FromTime>2000-01-01T04:00:00</FromTime>

        <ToTime>2000-01-01T03:59:59</ToTime>

        <Primary>false</Primary>

        <OrderedDelivery>false</OrderedDelivery>

        <DeliveryNotification>1</DeliveryNotification>

        <SendHandler xsi:nil="true"/>

      </SecondaryTransport>

      <ReceivePipeline Name="SBA.BizTalk.Shared.Pipelines.General.SimpleNamespaceChangeDecoderReceive" Description="" TrackingOption="ServiceStartEnd MessageSendReceive PipelineEvents" Type="1" FullyQualifiedName="SBA.BizTalk.Shared.Pipelines.General.SimpleNamespaceChangeDecoderReceive, SBA.BizTalk.Shared.Pipelines, Version=1.0.1.2, Culture=neutral, PublicKeyToken=7bf51f5d89236764"/>

      <ReceivePipelineData>
        <Root xmlns:xsd="http://www.w3.org/2001/XMLSchema" xmlns:xsi="http://www.w3.org/2001/XMLSchema-instance">
          <Stages>
            <Stage CategoryId="9d0e4103-4cce-4536-83fa-4a5040674ad6">
              <Components>
                <Component Name="SBA.BizTalk.Shared.PipelineComponents.General.SimpleNamespaceChangeDecoder">
                  <Properties>
                    <MessageNamespace vt="8">http://SBA.gov/DLAPDocumentUpload/REST/Query/ApplicationInfo</MessageNamespace>
                  </Properties>
                </Component>
              </Components>
            </Stage>
          </Stages>
        </Root>
      </ReceivePipelineData>

      <Tracking>0</Tracking>

      <Filter/>

      <Transforms/>

      <InboundTransforms/>

      <OrderedDelivery>false</OrderedDelivery>

      <Priority>5</Priority>

      <StopSendingOnFailure>false</StopSendingOnFailure>

      <RouteFailedMessage>false</RouteFailedMessage>

      <ApplicationName>DLAP Document Upload</ApplicationName>

    </SendPort>


    -<SendPort Name="DLAP Document Upload Rest Receipt Document Insert Port" BindingOption="1" IsTwoWay="true" IsStatic="true">

      <Description xsi:nil="true"/>

      <TransmitPipeline Name="Microsoft.BizTalk.DefaultPipelines.PassThruTransmit" Description="" TrackingOption="None" Type="2" FullyQualifiedName="Microsoft.BizTalk.DefaultPipelines.PassThruTransmit, Microsoft.BizTalk.DefaultPipelines, Version=3.0.1.0, Culture=neutral, PublicKeyToken=31bf3856ad364e35"/>


      -<PrimaryTransport>

        <Address>{SFRESTADDRESS}</Address>

        <TransportType Name="WCF-WebHttp" ConfigurationClsid="e5b2de81-de67-4559-869b-20925949a1e0" Capabilities="387"/>

        <TransportTypeData>
          <CustomProps>
            <ServiceCertificate vt="8" />
            <HttpMethodAndUrl vt="8">&lt;BtsHttpUrlMapping&gt; &lt;Operation Method="POST" Url="services/data/v43.0/composite/sobjects" /&gt; &lt;/BtsHttpUrlMapping&gt;</HttpMethodAndUrl>
            <MaxReceivedMessageSize vt="3">65536</MaxReceivedMessageSize>
            <ClientCertificate vt="8" />
            <ProxyUserName vt="8" />
            <UseAcsAuthentication vt="11">0</UseAcsAuthentication>
            <SuppressMessageBodyForHttpVerbs vt="8" />
            <VariablePropertyMapping vt="8">&lt;BtsVariablePropertyMapping xmlns:xsi="http://www.w3.org/2001/XMLSchema-instance" xmlns:xsd="http://www.w3.org/2001/XMLSchema" /&gt;</VariablePropertyMapping>
            <SecurityMode vt="8">Transport</SecurityMode>
            <ProxyToUse vt="8">Default</ProxyToUse>
            <EndpointBehaviorConfiguration vt="8">&lt;behavior name="EndpointBehavior"&gt;&lt;SalesforceRestAuthBehavior /&gt;&lt;/behavior&gt;</EndpointBehaviorConfiguration>
            <TransportClientCredentialType vt="8">None</TransportClientCredentialType>
            <OpenTimeout vt="8">00:01:00</OpenTimeout>
            <UseSSO vt="11">0</UseSSO>
            <UseSasAuthentication vt="11">0</UseSasAuthentication>
            <CloseTimeout vt="8">00:01:00</CloseTimeout>
            <SendTimeout vt="8">00:01:00</SendTimeout>
            <HttpHeaders vt="8">Accept: application/xml Content-Type: application/xml </HttpHeaders>
          </CustomProps>
        </TransportTypeData>

        <RetryCount>0</RetryCount>

        <RetryInterval>0</RetryInterval>

        <ServiceWindowEnabled>false</ServiceWindowEnabled>

        <FromTime>2000-01-01T04:00:00</FromTime>

        <ToTime>2000-01-01T03:59:59</ToTime>

        <Primary>true</Primary>

        <OrderedDelivery>false</OrderedDelivery>

        <DeliveryNotification>1</DeliveryNotification>


        -<SendHandler Name="Send" HostTrusted="false">

          <TransportType Name="WCF-WebHttp" ConfigurationClsid="e5b2de81-de67-4559-869b-20925949a1e0" Capabilities="387"/>

        </SendHandler>

      </PrimaryTransport>


      -<SecondaryTransport>

        <Address/>

        <RetryCount>3</RetryCount>

        <RetryInterval>5</RetryInterval>

        <ServiceWindowEnabled>false</ServiceWindowEnabled>

        <FromTime>2000-01-01T04:00:00</FromTime>

        <ToTime>2000-01-01T03:59:59</ToTime>

        <Primary>false</Primary>

        <OrderedDelivery>false</OrderedDelivery>

        <DeliveryNotification>1</DeliveryNotification>

        <SendHandler xsi:nil="true"/>

      </SecondaryTransport>

      <ReceivePipeline Name="SBA.BizTalk.Shared.Pipelines.General.SimpleNamespaceChangeDecoderReceive" Description="" TrackingOption="ServiceStartEnd MessageSendReceive PipelineEvents" Type="1" FullyQualifiedName="SBA.BizTalk.Shared.Pipelines.General.SimpleNamespaceChangeDecoderReceive, SBA.BizTalk.Shared.Pipelines, Version=1.0.1.2, Culture=neutral, PublicKeyToken=7bf51f5d89236764"/>

      <ReceivePipelineData>
        <Root xmlns:xsd="http://www.w3.org/2001/XMLSchema" xmlns:xsi="http://www.w3.org/2001/XMLSchema-instance">
          <Stages>
            <Stage CategoryId="9d0e4103-4cce-4536-83fa-4a5040674ad6">
              <Components>
                <Component Name="SBA.BizTalk.Shared.PipelineComponents.General.SimpleNamespaceChangeDecoder">
                  <Properties>
                    <MessageNamespace vt="8">http://SBA.gov/DLAPDocumentUpload/REST/INSERT/RestReceiptDocument</MessageNamespace>
                  </Properties>
                </Component>
              </Components>
            </Stage>
          </Stages>
        </Root>
      </ReceivePipelineData>

      <Tracking>0</Tracking>

      <Filter/>

      <Transforms/>

      <InboundTransforms/>

      <OrderedDelivery>false</OrderedDelivery>

      <Priority>5</Priority>

      <StopSendingOnFailure>false</StopSendingOnFailure>

      <RouteFailedMessage>false</RouteFailedMessage>

      <ApplicationName>DLAP Document Upload</ApplicationName>

    </SendPort>


    -<SendPort Name="DLAP Document Upload Rest Loan Query Port" BindingOption="1" IsTwoWay="true" IsStatic="true">

      <Description xsi:nil="true"/>

      <TransmitPipeline Name="Microsoft.BizTalk.DefaultPipelines.PassThruTransmit" Description="" TrackingOption="None" Type="2" FullyQualifiedName="Microsoft.BizTalk.DefaultPipelines.PassThruTransmit, Microsoft.BizTalk.DefaultPipelines, Version=3.0.1.0, Culture=neutral, PublicKeyToken=31bf3856ad364e35"/>


      -<PrimaryTransport>

        <Address>{SFRESTADDRESS}</Address>

        <TransportType Name="WCF-WebHttp" ConfigurationClsid="e5b2de81-de67-4559-869b-20925949a1e0" Capabilities="387"/>

        <TransportTypeData>
          <CustomProps>
            <ServiceCertificate vt="8" />
            <HttpMethodAndUrl vt="8">&lt;BtsHttpUrlMapping&gt; &lt;Operation Method="GET" Url="/services/data/v42.0/query/?q={SOQLQuery}" /&gt; &lt;/BtsHttpUrlMapping&gt;</HttpMethodAndUrl>
            <MaxReceivedMessageSize vt="3">65536</MaxReceivedMessageSize>
            <ClientCertificate vt="8" />
            <ProxyUserName vt="8" />
            <UseAcsAuthentication vt="11">0</UseAcsAuthentication>
            <SuppressMessageBodyForHttpVerbs vt="8">GET</SuppressMessageBodyForHttpVerbs>
            <VariablePropertyMapping vt="8">&lt;BtsVariablePropertyMapping xmlns:xsi="http://www.w3.org/2001/XMLSchema-instance" xmlns:xsd="http://www.w3.org/2001/XMLSchema"&gt; &lt;Variable Name="SOQLQUERY" PropertyName="SOQL_Loan_Query" PropertyNamespace="https://SBA.gov/DLAPDocumentUpload/REST/QUERY/RestLoanQueryPropertySchema" /&gt; &lt;/BtsVariablePropertyMapping&gt;</VariablePropertyMapping>
            <SecurityMode vt="8">Transport</SecurityMode>
            <ProxyToUse vt="8">Default</ProxyToUse>
            <EndpointBehaviorConfiguration vt="8">&lt;behavior name="EndpointBehavior"&gt;&lt;SalesforceRestAuthBehavior /&gt;&lt;/behavior&gt;</EndpointBehaviorConfiguration>
            <TransportClientCredentialType vt="8">None</TransportClientCredentialType>
            <OpenTimeout vt="8">00:01:00</OpenTimeout>
            <UseSSO vt="11">0</UseSSO>
            <UseSasAuthentication vt="11">0</UseSasAuthentication>
            <CloseTimeout vt="8">00:01:00</CloseTimeout>
            <SendTimeout vt="8">00:01:00</SendTimeout>
            <HttpHeaders vt="8">Accept: application/xml Content-Type: application/xml </HttpHeaders>
          </CustomProps>
        </TransportTypeData>

        <RetryCount>0</RetryCount>

        <RetryInterval>0</RetryInterval>

        <ServiceWindowEnabled>false</ServiceWindowEnabled>

        <FromTime>2000-01-01T04:00:00</FromTime>

        <ToTime>2000-01-01T03:59:59</ToTime>

        <Primary>true</Primary>

        <OrderedDelivery>false</OrderedDelivery>

        <DeliveryNotification>1</DeliveryNotification>


        -<SendHandler Name="Send" HostTrusted="false">

          <TransportType Name="WCF-WebHttp" ConfigurationClsid="e5b2de81-de67-4559-869b-20925949a1e0" Capabilities="387"/>

        </SendHandler>

      </PrimaryTransport>


      -<SecondaryTransport>

        <Address/>

        <RetryCount>3</RetryCount>

        <RetryInterval>5</RetryInterval>

        <ServiceWindowEnabled>false</ServiceWindowEnabled>

        <FromTime>2000-01-01T04:00:00</FromTime>

        <ToTime>2000-01-01T03:59:59</ToTime>

        <Primary>false</Primary>

        <OrderedDelivery>false</OrderedDelivery>

        <DeliveryNotification>1</DeliveryNotification>

        <SendHandler xsi:nil="true"/>

      </SecondaryTransport>

      <ReceivePipeline Name="SBA.BizTalk.Shared.Pipelines.General.SimpleNamespaceChangeDecoderReceive" Description="" TrackingOption="ServiceStartEnd MessageSendReceive PipelineEvents" Type="1" FullyQualifiedName="SBA.BizTalk.Shared.Pipelines.General.SimpleNamespaceChangeDecoderReceive, SBA.BizTalk.Shared.Pipelines, Version=1.0.1.2, Culture=neutral, PublicKeyToken=7bf51f5d89236764"/>

      <ReceivePipelineData>
        <Root xmlns:xsd="http://www.w3.org/2001/XMLSchema" xmlns:xsi="http://www.w3.org/2001/XMLSchema-instance">
          <Stages>
            <Stage CategoryId="9d0e4103-4cce-4536-83fa-4a5040674ad6">
              <Components>
                <Component Name="SBA.BizTalk.Shared.PipelineComponents.General.SimpleNamespaceChangeDecoder">
                  <Properties>
                    <MessageNamespace vt="8">http://SBA.gov/DLAPDocumentUpload/REST/QUERY/Loan</MessageNamespace>
                  </Properties>
                </Component>
              </Components>
            </Stage>
          </Stages>
        </Root>
      </ReceivePipelineData>

      <Tracking>0</Tracking>

      <Filter/>

      <Transforms/>

      <InboundTransforms/>

      <OrderedDelivery>false</OrderedDelivery>

      <Priority>5</Priority>

      <StopSendingOnFailure>false</StopSendingOnFailure>

      <RouteFailedMessage>false</RouteFailedMessage>

      <ApplicationName>DLAP Document Upload</ApplicationName>

    </SendPort>


    -<SendPort Name="DLAP Document Upload Rest Event Request Port" BindingOption="1" IsTwoWay="true" IsStatic="true">

      <Description xsi:nil="true"/>

      <TransmitPipeline Name="Microsoft.BizTalk.DefaultPipelines.PassThruTransmit" Description="" TrackingOption="None" Type="2" FullyQualifiedName="Microsoft.BizTalk.DefaultPipelines.PassThruTransmit, Microsoft.BizTalk.DefaultPipelines, Version=3.0.1.0, Culture=neutral, PublicKeyToken=31bf3856ad364e35"/>


      -<PrimaryTransport>

        <Address>{SFRESTADDRESS}</Address>

        <TransportType Name="WCF-WebHttp" ConfigurationClsid="e5b2de81-de67-4559-869b-20925949a1e0" Capabilities="387"/>

        <TransportTypeData>
          <CustomProps>
            <ServiceCertificate vt="8" />
            <HttpMethodAndUrl vt="8">&lt;BtsHttpUrlMapping&gt; &lt;Operation Method="POST" Url="services/data/v43.0/composite/sobjects" /&gt; &lt;/BtsHttpUrlMapping&gt;</HttpMethodAndUrl>
            <MaxReceivedMessageSize vt="3">65536</MaxReceivedMessageSize>
            <ClientCertificate vt="8" />
            <ProxyUserName vt="8" />
            <UseAcsAuthentication vt="11">0</UseAcsAuthentication>
            <SuppressMessageBodyForHttpVerbs vt="8" />
            <VariablePropertyMapping vt="8">&lt;BtsVariablePropertyMapping xmlns:xsi="http://www.w3.org/2001/XMLSchema-instance" xmlns:xsd="http://www.w3.org/2001/XMLSchema" /&gt;</VariablePropertyMapping>
            <SecurityMode vt="8">Transport</SecurityMode>
            <ProxyToUse vt="8">Default</ProxyToUse>
            <EndpointBehaviorConfiguration vt="8">&lt;behavior name="EndpointBehavior"&gt;&lt;SalesforceRestAuthBehavior /&gt;&lt;/behavior&gt;</EndpointBehaviorConfiguration>
            <TransportClientCredentialType vt="8">None</TransportClientCredentialType>
            <OpenTimeout vt="8">00:01:00</OpenTimeout>
            <UseSSO vt="11">0</UseSSO>
            <UseSasAuthentication vt="11">0</UseSasAuthentication>
            <CloseTimeout vt="8">00:01:00</CloseTimeout>
            <SendTimeout vt="8">00:01:00</SendTimeout>
            <HttpHeaders vt="8">Accept: application/xml Content-Type: application/xml </HttpHeaders>
          </CustomProps>
        </TransportTypeData>

        <RetryCount>0</RetryCount>

        <RetryInterval>0</RetryInterval>

        <ServiceWindowEnabled>false</ServiceWindowEnabled>

        <FromTime>2000-01-01T04:00:00</FromTime>

        <ToTime>2000-01-01T03:59:59</ToTime>

        <Primary>true</Primary>

        <OrderedDelivery>false</OrderedDelivery>

        <DeliveryNotification>1</DeliveryNotification>


        -<SendHandler Name="Send" HostTrusted="false">

          <TransportType Name="WCF-WebHttp" ConfigurationClsid="e5b2de81-de67-4559-869b-20925949a1e0" Capabilities="387"/>

        </SendHandler>

      </PrimaryTransport>


      -<SecondaryTransport>

        <Address/>

        <RetryCount>3</RetryCount>

        <RetryInterval>5</RetryInterval>

        <ServiceWindowEnabled>false</ServiceWindowEnabled>

        <FromTime>2000-01-01T04:00:00</FromTime>

        <ToTime>2000-01-01T03:59:59</ToTime>

        <Primary>false</Primary>

        <OrderedDelivery>false</OrderedDelivery>

        <DeliveryNotification>1</DeliveryNotification>

        <SendHandler xsi:nil="true"/>

      </SecondaryTransport>

      <ReceivePipeline Name="SBA.BizTalk.Shared.Pipelines.General.SimpleNamespaceChangeDecoderReceive" Description="" TrackingOption="ServiceStartEnd MessageSendReceive PipelineEvents" Type="1" FullyQualifiedName="SBA.BizTalk.Shared.Pipelines.General.SimpleNamespaceChangeDecoderReceive, SBA.BizTalk.Shared.Pipelines, Version=1.0.1.2, Culture=neutral, PublicKeyToken=7bf51f5d89236764"/>

      <ReceivePipelineData>
        <Root xmlns:xsd="http://www.w3.org/2001/XMLSchema" xmlns:xsi="http://www.w3.org/2001/XMLSchema-instance">
          <Stages>
            <Stage CategoryId="9d0e4103-4cce-4536-83fa-4a5040674ad6">
              <Components>
                <Component Name="SBA.BizTalk.Shared.PipelineComponents.General.SimpleNamespaceChangeDecoder">
                  <Properties>
                    <MessageNamespace vt="8">http://SBA.gov/DLAPDocumentUpload/REST/INSERT/EventResponse</MessageNamespace>
                  </Properties>
                </Component>
              </Components>
            </Stage>
          </Stages>
        </Root>
      </ReceivePipelineData>

      <Tracking>0</Tracking>

      <Filter/>

      <Transforms/>

      <InboundTransforms/>

      <OrderedDelivery>false</OrderedDelivery>

      <Priority>5</Priority>

      <StopSendingOnFailure>false</StopSendingOnFailure>

      <RouteFailedMessage>false</RouteFailedMessage>

      <ApplicationName>DLAP Document Upload</ApplicationName>

    </SendPort>

  </SendPortCollection>

  <DistributionListCollection/>


  -<ReceivePortCollection>


    -<ReceivePort Name="DLAP Document Upload Webservice" BindingOption="1" IsTwoWay="true">

      <Description xsi:nil="true"/>


      -<ReceiveLocations>


        -<ReceiveLocation Name="DLAP Document Upload Webservice Location">

          <Description xsi:nil="true"/>

          <Address>/DCMS2/DLAPDocumentUpload/DocumentUpload.svc</Address>

          <PublicAddress/>

          <Primary>true</Primary>

          <ReceiveLocationServiceWindowEnabled>false</ReceiveLocationServiceWindowEnabled>

          <ReceiveLocationFromTime>2000-01-01T00:00:00</ReceiveLocationFromTime>

          <ReceiveLocationToTime>2000-01-01T23:59:59</ReceiveLocationToTime>

          <ReceiveLocationStartDateEnabled>false</ReceiveLocationStartDateEnabled>

          <ReceiveLocationStartDate>2000-01-01T00:00:00</ReceiveLocationStartDate>

          <ReceiveLocationEndDateEnabled>false</ReceiveLocationEndDateEnabled>

          <ReceiveLocationEndDate>2000-01-01T23:59:59</ReceiveLocationEndDate>

          <ReceiveLocationTransportType Name="WCF-WSHttp" ConfigurationClsid="2b219014-ba04-4b70-a66b-a8c418b109fd" Capabilities="899"/>

          <ReceiveLocationTransportTypeData>
            <CustomProps>
              <InboundNodeEncoding vt="8">Xml</InboundNodeEncoding>
              <MessageEncoding vt="8">Text</MessageEncoding>
              <ServiceCertificate vt="8" />
              <EnableTransaction vt="11">0</EnableTransaction>
              <OutboundBodyLocation vt="8">UseBodyElement</OutboundBodyLocation>
              <InboundBodyPathExpression vt="8" />
              <MaxReceivedMessageSize vt="3">1500000000</MaxReceivedMessageSize>
              <InboundBodyLocation vt="8">UseBodyElement</InboundBodyLocation>
              <AlgorithmSuite vt="8">Basic256</AlgorithmSuite>
              <OutboundXmlTemplate vt="8">&lt;bts-msg-body xmlns="http://www.microsoft.com/schemas/bts2007" encoding="xml"/&gt;</OutboundXmlTemplate>
              <TextEncoding vt="8">utf-8</TextEncoding>
              <NegotiateServiceCredential vt="11">-1</NegotiateServiceCredential>
              <EstablishSecurityContext vt="11">-1</EstablishSecurityContext>
              <SecurityMode vt="8">Transport</SecurityMode>
              <IncludeExceptionDetailInFaults vt="11">-1</IncludeExceptionDetailInFaults>
              <TransportClientCredentialType vt="8">Basic</TransportClientCredentialType>
              <OpenTimeout vt="8">00:06:00</OpenTimeout>
              <MessageClientCredentialType vt="8">Windows</MessageClientCredentialType>
              <UseSSO vt="11">0</UseSSO>
              <SuspendMessageOnFailure vt="11">-1</SuspendMessageOnFailure>
              <CloseTimeout vt="8">00:10:00</CloseTimeout>
              <SendTimeout vt="8">00:06:00</SendTimeout>
              <MaxConcurrentCalls vt="3">200</MaxConcurrentCalls>
            </CustomProps>
          </ReceiveLocationTransportTypeData>

          <ReceivePipeline Name="Microsoft.BizTalk.DefaultPipelines.XMLReceive" Description="" TrackingOption="None" Type="1" FullyQualifiedName="Microsoft.BizTalk.DefaultPipelines.XMLReceive, Microsoft.BizTalk.DefaultPipelines, Version=3.0.1.0, Culture=neutral, PublicKeyToken=31bf3856ad364e35"/>

          <ReceivePipelineData xsi:nil="true"/>

          <SendPipeline Name="Microsoft.BizTalk.DefaultPipelines.PassThruTransmit" Description="" TrackingOption="None" Type="2" FullyQualifiedName="Microsoft.BizTalk.DefaultPipelines.PassThruTransmit, Microsoft.BizTalk.DefaultPipelines, Version=3.0.1.0, Culture=neutral, PublicKeyToken=31bf3856ad364e35"/>

          <SendPipelineData xsi:nil="true"/>

          <Enable>true</Enable>


          -<ReceiveHandler Name="Isolated" HostTrusted="false">

            <TransportType Name="WCF-WSHttp" ConfigurationClsid="2b219014-ba04-4b70-a66b-a8c418b109fd" Capabilities="899"/>

          </ReceiveHandler>

        </ReceiveLocation>

      </ReceiveLocations>

      <SendPipelineData xsi:nil="true"/>

      <Authentication>0</Authentication>

      <Tracking>0</Tracking>

      <Transforms/>

      <OutboundTransforms/>

      <RouteFailedMessage>false</RouteFailedMessage>
      XML
      <ApplicationName>DLAP Document Upload</ApplicationName>

    </ReceivePort>

  </ReceivePortCollection>

  <PartyCollection xsi:nil="true"/>

</BindingInfo>